0;16 линия;{"name": "16 линия"}
1;18 линия;{"name": "18 линия"}
2;50 лет победы;{"name": "50 лет победы"}
3;9 го января;{"name": "9 го января"}
4;9 –го января;{"name": "9 –го января"}
5;9го января;{"name": "9го января"}
6;Абаканская;{"name": "Абаканская"}
7;Абая;{"name": "Абая"}
8;Абдраева;{"name": "Абдраева"}
9;Абдраимова;{"name": "Абдраимова"}
10;Абдрахманова;{"name": "Абдрахманова"}
11;Абдумомунова;{"name": "Абдумомунова"}
12;Абдыкадырова;{"name": "Абдыкадырова"}
13;Абдымомунова;{"name": "Абдымомунова"}
14;Авангардный;{"name": "Авангардный"}
15;Адырская;{"name": "Адырская"}
16;Адырский;{"name": "Адырский"}
17;Адырский «А»;{"name": "Адырский «А»"}
18;Адышева;{"name": "Адышева"}
19;Ажыбек Баатыра;{"name": "Ажыбек Баатыра"}
20;Азаттык;{"name": "Азаттык"}
21;Азовская;{"name": "Азовская"}
22;Ай - Кол;{"name": "Ай - Кол"}
23;Айдаралиева;{"name": "Айдаралиева"}
24;Айни;{"name": "Айни"}
25;Айтматова;{"name": "Айтматова"}
26;Ак - Жолтой;{"name": "Ак - Жолтой"}
27;Акбуринский;{"name": "Акбуринский"}
28;Акмуз;{"name": "Акмуз"}
29;Ак-Сайская;{"name": "Ак-Сайская"}
30;Акталинский;{"name": "Акталинский"}
31;Актерекский;{"name": "Актерекский"}
32;Актюбинский;{"name": "Актюбинский"}
33;Ала - Букинская;{"name": "Ала - Букинская"}
34;Ала - Тоо;{"name": "Ала - Тоо"}
35;Ала-Арчинская;{"name": "Ала-Арчинская"}
36;Алайский;{"name": "Алайский"}
37;Аламединский;{"name": "Аламединский"}
38;Аларчинская;{"name": "Аларчинская"}
39;Александровский;{"name": "Александровский"}
40;Алма- Атинская;{"name": "Алма- Атинская"}
41;Алтайский;{"name": "Алтайский"}
42;Алтымышева;{"name": "Алтымышева"}
43;Алтымышова;{"name": "Алтымышова"}
44;Алтын - Бешик;{"name": "Алтын - Бешик"}
45;Алыкулова;{"name": "Алыкулова"}
46;Альпинская;{"name": "Альпинская"}
47;Аммосова;{"name": "Аммосова"}
48;Амосова;{"name": "Амосова"}
49;Амурский;{"name": "Амурский"}
50;Ананьева;{"name": "Ананьева"}
51;Ангарский;{"name": "Ангарский"}
52;Андижанская;{"name": "Андижанская"}
53;Андижанский;{"name": "Андижанский"}
54;Араванская;{"name": "Араванская"}
55;Аральский;{"name": "Аральский"}
56;Арасанский;{"name": "Арасанский"}
57;Арзамасская;{"name": "Арзамасская"}
58;Армавирская;{"name": "Армавирская"}
59;Армейская;{"name": "Армейская"}
60;Артемовская;{"name": "Артемовская"}
61;Архангельская;{"name": "Архангельская"}
62;Асаналиева;{"name": "Асаналиева"}
63;Астраханская;{"name": "Астраханская"}
64;Астраханский;{"name": "Астраханский"}
65;Атбасарский;{"name": "Атбасарский"}
66;Ат-Башинский;{"name": "Ат-Башинский"}
67;Ауэзова;{"name": "Ауэзова"}
68;Ахунбаева;{"name": "Ахунбаева"}
69;Ашхабадская;{"name": "Ашхабадская"}
70;Ашхабадский;{"name": "Ашхабадский"}
71;Аэродромный;{"name": "Аэродромный"}
72;Б. Баатыра;{"name": "Б. Баатыра"}
73;Бабушкин;{"name": "Бабушкин"}
74;Багишский;{"name": "Багишский"}
75;Багратиона;{"name": "Багратиона"}
76;Баетова;{"name": "Баетова"}
77;Базар-Курганская;{"name": "Базар-Курганская"}
78;Базарный;{"name": "Базарный"}
79;Байтик Баатыра;{"name": "Байтик Баатыра"}
80;Бакаева;{"name": "Бакаева"}
81;Бакинская;{"name": "Бакинская"}
82;Бакинский;{"name": "Бакинский"}
83;Балтагулова;{"name": "Балтагулова"}
84;Балтийская;{"name": "Балтийская"}
85;Балханский;{"name": "Балханский"}
86;Балык-Кумара;{"name": "Балык-Кумара"}
87;Балыкчинский;{"name": "Балыкчинский"}
88;Барнаульский;{"name": "Барнаульский"}
89;Баррикадный;{"name": "Баррикадный"}
90;Барскаунский;{"name": "Барскаунский"}
91;Баткенский;{"name": "Баткенский"}
92;Батыра;{"name": "Батыра"}
93;Баха;{"name": "Баха"}
94;Баялинова Касымалы;{"name": "Баялинова Касымалы"}
95;Беговой;{"name": "Беговой"}
96;Бейшеналиева;{"name": "Бейшеналиева"}
97;Бектенова;{"name": "Бектенова"}
98;Белгородская;{"name": "Белгородская"}
99;Белозерский;{"name": "Белозерский"}
100;Беломорский;{"name": "Беломорский"}
101;Белорусская;{"name": "Белорусская"}
102;Бельская;{"name": "Бельская"}
103;Береговая;{"name": "Береговая"}
104;Береговой;{"name": "Береговой"}
105;Березовая;{"name": "Березовая"}
106;Берликский;{"name": "Берликский"}
107;Беш-Кунгейский;{"name": "Беш-Кунгейский"}
108;Библиотечная;{"name": "Библиотечная"}
109;Бийский;{"name": "Бийский"}
110;Боконбаева;{"name": "Боконбаева"}
111;Болотная;{"name": "Болотная"}
112;Больничный;{"name": "Больничный"}
113;Боомский;{"name": "Боомский"}
114;Боровской;{"name": "Боровской"}
115;Бородина;{"name": "Бородина"}
116;Боталиева;{"name": "Боталиева"}
117;Ботанический;{"name": "Ботанический"}
118;Братская;{"name": "Братская"}
119;Бреславский;{"name": "Бреславский"}
120;Брестская;{"name": "Брестская"}
121;Бронированная;{"name": "Бронированная"}
122;Брянская;{"name": "Брянская"}
123;Буденного;{"name": "Буденного"}
124;Булакский;{"name": "Булакский"}
125;Бурулдайская;{"name": "Бурулдайская"}
126;Буурдинская;{"name": "Буурдинская"}
127;Бухарская;{"name": "Бухарская"}
128;Бухарский;{"name": "Бухарский"}
129;Валдайская;{"name": "Валдайская"}
130;Варшавская;{"name": "Варшавская"}
131;Васильева;{"name": "Васильева"}
132;Верхний;{"name": "Верхний"}
133;Весёлая;{"name": "Весёлая"}
134;Веселый;{"name": "Веселый"}
135;Вилюйский;{"name": "Вилюйский"}
136;Виноградная;{"name": "Виноградная"}
137;Виноградный;{"name": "Виноградный"}
138;Витебская;{"name": "Витебская"}
139;Витебский;{"name": "Витебский"}
140;Владимировская;{"name": "Владимировская"}
141;Власова;{"name": "Власова"}
142;Водопроводная;{"name": "Водопроводная"}
143;Волгоградская;{"name": "Волгоградская"}
144;Волжский;{"name": "Волжский"}
145;Волкова;{"name": "Волкова"}
146;Вологодский;{"name": "Вологодский"}
147;Волоколамская;{"name": "Волоколамская"}
148;Волочаевский;{"name": "Волочаевский"}
149;Волховская;{"name": "Волховская"}
150;Воркутинская;{"name": "Воркутинская"}
151;Воровского;{"name": "Воровского"}
152;Воронежская;{"name": "Воронежская"}
153;Восточная;{"name": "Восточная"}
154;Вятская;{"name": "Вятская"}
155;Гагарина;{"name": "Гагарина"}
156;Гаражная;{"name": "Гаражная"}
157;Гастелло;{"name": "Гастелло"}
158;Гатчинский;{"name": "Гатчинский"}
159;Гвардейский;{"name": "Гвардейский"}
160;Геологический;{"name": "Геологический"}
161;Герцена;{"name": "Герцена"}
162;Гоголя;{"name": "Гоголя"}
163;Гончарная;{"name": "Гончарная"}
164;Гончарная 2-я;{"name": "Гончарная 2-я"}
165;Гончарный;{"name": "Гончарный"}
166;Гончарова;{"name": "Гончарова"}
167;Горный;{"name": "Горный"}
168;Гражданская;{"name": "Гражданская"}
169;Грибоедова;{"name": "Грибоедова"}
170;Грозненский;{"name": "Грозненский"}
171;Гульчинский;{"name": "Гульчинский"}
172;Д.Асанова;{"name": "Д.Асанова"}
173;Дагестанская;{"name": "Дагестанская"}
174;Дарханский;{"name": "Дарханский"}
175;Дачная;{"name": "Дачная"}
176;Дачный;{"name": "Дачный"}
177;Ден - Сяопина;{"name": "Ден - Сяопина"}
178;Деповская;{"name": "Деповская"}
179;Джалал-Абадская;{"name": "Джалал-Абадская"}
180;Джаманбаева;{"name": "Джаманбаева"}
181;Джамбула;{"name": "Джамбула"}
182;Джамбульский;{"name": "Джамбульский"}
183;Джамгерчинова;{"name": "Джамгерчинова"}
184;Джантошова;{"name": "Джантошова"}
185;Джергалан;{"name": "Джергалан"}
186;Джеты-Огузский;{"name": "Джеты-Огузский"}
187;Джийде;{"name": "Джийде"}
188;Джольский;{"name": "Джольский"}
189;Джумгальский;{"name": "Джумгальский"}
190;Джунусалиева;{"name": "Джунусалиева"}
191;Дмитрова;{"name": "Дмитрова"}
192;Долон;{"name": "Долон"}
193;Долонский;{"name": "Долонский"}
194;Донской;{"name": "Донской"}
195;Достоевского;{"name": "Достоевского"}
196;Древесная;{"name": "Древесная"}
197;Дрогобычский;{"name": "Дрогобычский"}
198;Дубосековская;{"name": "Дубосековская"}
199;Дубосековский;{"name": "Дубосековский"}
200;Дунайский;{"name": "Дунайский"}
201;Дэн-Сяопина;{"name": "Дэн-Сяопина"}
202;Елецкий;{"name": "Елецкий"}
203;Енисейский;{"name": "Енисейский"}
204;Ереванский;{"name": "Ереванский"}
205;Жаз;{"name": "Жаз"}
206;Жениш;{"name": "Жениш"}
207;Жибек - Жолу;{"name": "Жибек - Жолу"}
208;Жукеева - Пудовкина;{"name": "Жукеева - Пудовкина"}
209;Жуковского;{"name": "Жуковского"}
210;Жумабек;{"name": "Жумабек"}
211;Жумабека;{"name": "Жумабека"}
212;Журнальная;{"name": "Журнальная"}
213;Загородная;{"name": "Загородная"}
214;Загорская;{"name": "Загорская"}
215;Западная;{"name": "Западная"}
216;Западный;{"name": "Западный"}
217;Заречная;{"name": "Заречная"}
218;Захарева;{"name": "Захарева"}
219;Зеленая;{"name": "Зеленая"}
220;Зеравшанский;{"name": "Зеравшанский"}
221;Зимы;{"name": "Зимы"}
222;И. Самойленко;{"name": "И. Самойленко"}
223;Ибраимова;{"name": "Ибраимова"}
224;Иваницина;{"name": "Иваницина"}
225;Ижевский;{"name": "Ижевский"}
226;Измайловский;{"name": "Измайловский"}
227;Изюмский;{"name": "Изюмский"}
228;Илийский;{"name": "Илийский"}
229;Ильменская;{"name": "Ильменская"}
230;Иманалиева;{"name": "Иманалиева"}
231;Интергельпо;{"name": "Интергельпо"}
232;Интернациональный;{"name": "Интернациональный"}
233;Иркутский;{"name": "Иркутский"}
234;Иртышский;{"name": "Иртышский"}
235;Исанова;{"name": "Исанова"}
236;Иссык-Кульская;{"name": "Иссык-Кульская"}
237;Ичкет-Суу;{"name": "Ичкет-Суу"}
238;К. Акиева;{"name": "К. Акиева"}
239;К. Баялинова;{"name": "К. Баялинова"}
240;Каарманский;{"name": "Каарманский"}
241;Каганский;{"name": "Каганский"}
242;Каджи-Сайский;{"name": "Каджи-Сайский"}
243;Казакова;{"name": "Казакова"}
244;Казанский;{"name": "Казанский"}
245;Кайназарова;{"name": "Кайназарова"}
246;Калинина;{"name": "Калинина"}
247;Калужская;{"name": "Калужская"}
248;Калыка Акиева;{"name": "Калыка Акиева"}
249;Калымский;{"name": "Калымский"}
250;Каменный;{"name": "Каменный"}
251;Камская;{"name": "Камская"}
252;Камчатская;{"name": "Камчатская"}
253;Кантемировская;{"name": "Кантемировская"}
254;Кантовский;{"name": "Кантовский"}
255;Карабалтинская;{"name": "Карабалтинская"}
256;Караванский;{"name": "Караванский"}
257;Карагайский;{"name": "Карагайский"}
258;Карагачевая;{"name": "Карагачевая"}
259;Карагачевый;{"name": "Карагачевый"}
260;Карадарьинская;{"name": "Карадарьинская"}
261;Кара-Жыгач;{"name": "Кара-Жыгач"}
262;Каракольский;{"name": "Каракольский"}
263;Каракульская;{"name": "Каракульская"}
264;Каракумская;{"name": "Каракумская"}
265;Карасаева;{"name": "Карасаева"}
266;Карасуйская;{"name": "Карасуйская"}
267;Карпатская;{"name": "Карпатская"}
268;Карский;{"name": "Карский"}
269;Каспийская;{"name": "Каспийская"}
270;Касымалы Баялинова;{"name": "Касымалы Баялинова"}
271;Каунасский;{"name": "Каунасский"}
272;Каховская;{"name": "Каховская"}
273;Кельдибека Карбоз уулу;{"name": "Кельдибека Карбоз уулу"}
274;Кеменская;{"name": "Кеменская"}
275;Кеменский;{"name": "Кеменский"}
276;Кемеровский;{"name": "Кемеровский"}
277;Кен-Кол;{"name": "Кен-Кол"}
278;Кенсуйская;{"name": "Кенсуйская"}
279;Киевская;{"name": "Киевская"}
280;Кирова;{"name": "Кирова"}
281;Кирпичная;{"name": "Кирпичная"}
282;Кирпичный;{"name": "Кирпичный"}
283;Кишиневская;{"name": "Кишиневская"}
284;Кленовый;{"name": "Кленовый"}
285;Клинский;{"name": "Клинский"}
286;Клубничный;{"name": "Клубничный"}
287;Коенкозова;{"name": "Коенкозова"}
288;Кожобергенова;{"name": "Кожобергенова"}
289;Кожомкула;{"name": "Кожомкула"}
290;Козу - Баглан;{"name": "Козу - Баглан"}
291;Койбагарова;{"name": "Койбагарова"}
292;Койташский;{"name": "Койташский"}
293;Кокандский;{"name": "Кокандский"}
294;Кокчетавская;{"name": "Кокчетавская"}
295;Коллекторная;{"name": "Коллекторная"}
296;Коллекторный;{"name": "Коллекторный"}
297;Кольбаева;{"name": "Кольбаева"}
298;Кольцевая;{"name": "Кольцевая"}
299;Коммунарова;{"name": "Коммунарова"}
300;Комсомольская;{"name": "Комсомольская"}
301;Комсомольский;{"name": "Комсомольский"}
302;Коперника;{"name": "Коперника"}
303;Корейская;{"name": "Корейская"}
304;Короткая;{"name": "Короткая"}
305;Корульский;{"name": "Корульский"}
306;Космическая;{"name": "Космическая"}
307;Котовского;{"name": "Котовского"}
308;Кочкорская;{"name": "Кочкорская"}
309;Красная;{"name": "Красная"}
310;Красноводский;{"name": "Красноводский"}
311;Краснодарская;{"name": "Краснодарская"}
312;Краснодонцев;{"name": "Краснодонцев"}
313;Краснофлотский;{"name": "Краснофлотский"}
314;Красный строитель;{"name": "Красный строитель"}
315;Кривоносова;{"name": "Кривоносова"}
316;Криворожская;{"name": "Криворожская"}
317;Криворожский;{"name": "Криворожский"}
318;Кронштадская;{"name": "Кронштадская"}
319;Кропоткина;{"name": "Кропоткина"}
320;Крылова;{"name": "Крылова"}
321;Кубанский;{"name": "Кубанский"}
322;Кубинская;{"name": "Кубинская"}
323;Кудайбергенова;{"name": "Кудайбергенова"}
324;Кудрука;{"name": "Кудрука"}
325;Кузбасская;{"name": "Кузбасская"}
326;Кузнечная крепость;{"name": "Кузнечная крепость"}
327;Кузнечный;{"name": "Кузнечный"}
328;Кузнечный проезд;{"name": "Кузнечный проезд"}
329;Куйбышева;{"name": "Куйбышева"}
330;Кукурузный;{"name": "Кукурузный"}
331;Кулатова;{"name": "Кулатова"}
332;Кулиева;{"name": "Кулиева"}
333;Куликовская;{"name": "Куликовская"}
334;Кумарыкская;{"name": "Кумарыкская"}
335;Кумбельский;{"name": "Кумбельский"}
336;Курганская;{"name": "Курганская"}
337;Куренкеева;{"name": "Куренкеева"}
338;Курманжан - Датка;{"name": "Курманжан - Датка"}
339;Курский;{"name": "Курский"}
340;Курчатова;{"name": "Курчатова"}
341;Кустайнайский;{"name": "Кустайнайский"}
342;Кустанайская;{"name": "Кустанайская"}
343;Кутузова;{"name": "Кутузова"}
344;Кызыл-Аскерская;{"name": "Кызыл-Аскерская"}
345;Кызыл-Кийская;{"name": "Кызыл-Кийская"}
346;Кызыл-Орданский;{"name": "Кызыл-Орданский"}
347;Л. Толстого;{"name": "Л. Толстого"}
348;Лагерный;{"name": "Лагерный"}
349;Ладожская;{"name": "Ладожская"}
350;Лазо;{"name": "Лазо"}
351;Лазурная;{"name": "Лазурная"}
352;Лебедева-Кумача;{"name": "Лебедева-Кумача"}
353;Леваневского;{"name": "Леваневского"}
354;Ленинпольский;{"name": "Ленинпольский"}
355;Ленская;{"name": "Ленская"}
356;Лермонтова;{"name": "Лермонтова"}
357;Лесная;{"name": "Лесная"}
358;Лесхозная;{"name": "Лесхозная"}
359;Лесхозный;{"name": "Лесхозный"}
360;Либкнехта;{"name": "Либкнехта"}
361;Линейная;{"name": "Линейная"}
362;Линия 2;{"name": "Линия 2"}
363;Линия 7;{"name": "Линия 7"}
364;Линия 8;{"name": "Линия 8"}
365;Линия 9;{"name": "Линия 9"}
366;Литвинова;{"name": "Литвинова"}
367;Литовская;{"name": "Литовская"}
368;Логвиненко;{"name": "Логвиненко"}
369;Ломоносова;{"name": "Ломоносова"}
370;Луганская;{"name": "Луганская"}
371;Луговая;{"name": "Луговая"}
372;Луговой;{"name": "Луговой"}
373;Луначарского;{"name": "Луначарского"}
374;Луцкий;{"name": "Луцкий"}
375;Лущихина;{"name": "Лущихина"}
376;Люксембург;{"name": "Люксембург"}
377;Ляйлякский;{"name": "Ляйлякский"}
378;М. Алыбаева;{"name": "М. Алыбаева"}
379;М. Асанбаева;{"name": "М. Асанбаева"}
380;М. Ганди;{"name": "М. Ганди"}
381;М. Горького;{"name": "М. Горького"}
382;М. Джалиля;{"name": "М. Джалиля"}
383;М. Сагымбая;{"name": "М. Сагымбая"}
384;М. Темира;{"name": "М. Темира"}
385;Магаданская;{"name": "Магаданская"}
386;Магнитогорская;{"name": "Магнитогорская"}
387;Майкопский;{"name": "Майкопский"}
388;Майли-Сайский;{"name": "Майли-Сайский"}
389;Маймакский;{"name": "Маймакский"}
390;Макеевский;{"name": "Макеевский"}
391;Малдыбаева;{"name": "Малдыбаева"}
392;Маликова;{"name": "Маликова"}
393;Малиновая;{"name": "Малиновая"}
394;Малиновый;{"name": "Малиновый"}
395;Малышева;{"name": "Малышева"}
396;Манаса;{"name": "Манаса"}
397;Манасчы Сагынбая;{"name": "Манасчы Сагынбая"}
398;Марата;{"name": "Марата"}
399;Мариупольский;{"name": "Мариупольский"}
400;Матросова;{"name": "Матросова"}
401;Матыева;{"name": "Матыева"}
402;Махатма Ганди;{"name": "Махатма Ганди"}
403;Маяковского;{"name": "Маяковского"}
404;Медерова;{"name": "Медерова"}
405;Менделеева;{"name": "Менделеева"}
406;Месароша;{"name": "Месароша"}
407;Механический;{"name": "Механический"}
408;Мечникова;{"name": "Мечникова"}
409;Минбулакский;{"name": "Минбулакский"}
410;Минина;{"name": "Минина"}
411;Минская;{"name": "Минская"}
412;Мира;{"name": "Мира"}
413;Мирный;{"name": "Мирный"}
414;Мичурина;{"name": "Мичурина"}
415;Можайская;{"name": "Можайская"}
416;Можайского;{"name": "Можайского"}
417;Мозолева;{"name": "Мозолева"}
418;Мозырский;{"name": "Мозырский"}
419;Молдавский;{"name": "Молдавский"}
420;Монгольский;{"name": "Монгольский"}
421;Морозова;{"name": "Морозова"}
422;Московская;{"name": "Московская"}
423;Мостовая;{"name": "Мостовая"}
424;МПС;{"name": "МПС"}
425;Мраморный;{"name": "Мраморный"}
426;МТС;{"name": "МТС"}
427;Мургабский;{"name": "Мургабский"}
428;Мурманская;{"name": "Мурманская"}
429;Муромская;{"name": "Муромская"}
430;Муса Жалила;{"name": "Муса Жалила"}
431;Мусоргского;{"name": "Мусоргского"}
432;Мусулманкулова;{"name": "Мусулманкулова"}
433;Набережная;{"name": "Набережная"}
434;Набережный;{"name": "Набережный"}
435;Наманганская;{"name": "Наманганская"}
436;Наманганский;{"name": "Наманганский"}
437;Нарвская;{"name": "Нарвская"}
438;Наримановский;{"name": "Наримановский"}
439;Нарынский;{"name": "Нарынский"}
440;Насикат;{"name": "Насикат"}
441;Наукатский;{"name": "Наукатский"}
442;Нахимова;{"name": "Нахимова"}
443;Нежинский;{"name": "Нежинский"}
444;Низовая;{"name": "Низовая"}
445;Никитина;{"name": "Никитина"}
446;Новая (частный сектор);{"name": "Новая (частный сектор)"}
447;Новгородская;{"name": "Новгородская"}
448;Новооктябрьский;{"name": "Новооктябрьский"}
449;Новосибирский;{"name": "Новосибирский"}
450;Новостроевский;{"name": "Новостроевский"}
451;Нурекская;{"name": "Нурекская"}
452;Овощной;{"name": "Овощной"}
453;Огомбаева;{"name": "Огомбаева"}
454;Огородный;{"name": "Огородный"}
455;Одесский;{"name": "Одесский"}
456;Озерный;{"name": "Озерный"}
457;Окрайная;{"name": "Окрайная"}
458;Октябрьская;{"name": "Октябрьская"}
459;Омский;{"name": "Омский"}
460;Оренбургская;{"name": "Оренбургская"}
461;Орловская;{"name": "Орловская"}
462;Ормокоева;{"name": "Ормокоева"}
463;Орозбекова;{"name": "Орозбекова"}
464;Орская;{"name": "Орская"}
465;Ортотокойский;{"name": "Ортотокойский"}
466;Осипенко;{"name": "Осипенко"}
467;Осмонкула;{"name": "Осмонкула"}
468;Осмонова;{"name": "Осмонова"}
469;Осташковская;{"name": "Осташковская"}
470;Островского;{"name": "Островского"}
471;Оттукский;{"name": "Оттукский"}
472;Офицерский;{"name": "Офицерский"}
473;Охотный;{"name": "Охотный"}
474;Охотский;{"name": "Охотский"}
475;Очаковская;{"name": "Очаковская"}
476;Очаковского;{"name": "Очаковского"}
477;Ошская;{"name": "Ошская"}
478;Павлова;{"name": "Павлова"}
479;Памирский;{"name": "Памирский"}
480;Панфилова;{"name": "Панфилова"}
481;Парковая;{"name": "Парковая"}
482;Паровозная;{"name": "Паровозная"}
483;Партизанский;{"name": "Партизанский"}
484;Пархоменко;{"name": "Пархоменко"}
485;Пензенский;{"name": "Пензенский"}
486;Первомайский;{"name": "Первомайский"}
487;Передовая;{"name": "Передовая"}
488;Перекопская;{"name": "Перекопская"}
489;Кокандский;{"name": "Кокандский"}
490;Авангардный;{"name": "Авангардный"}
491;Адырский;{"name": "Адырский"}
492;Акбуринский;{"name": "Акбуринский"}
493;Акталинский;{"name": "Акталинский"}
494;Актерекский;{"name": "Актерекский"}
495;Актюбинский;{"name": "Актюбинский"}
496;Алайский;{"name": "Алайский"}
497;Аламединский;{"name": "Аламединский"}
498;Александровский;{"name": "Александровский"}
499;Алтайский;{"name": "Алтайский"}
500;Амурский;{"name": "Амурский"}
501;Ангарский;{"name": "Ангарский"}
502;Андижанский;{"name": "Андижанский"}
503;Аральский;{"name": "Аральский"}
504;Арасанский;{"name": "Арасанский"}
505;Астраханский;{"name": "Астраханский"}
506;Атбасарский;{"name": "Атбасарский"}
507;Ат-Башинский;{"name": "Ат-Башинский"}
508;Ашхабадский;{"name": "Ашхабадский"}
509;Аэродромный;{"name": "Аэродромный"}
510;Бабушкин;{"name": "Бабушкин"}
511;Багишский;{"name": "Багишский"}
512;Базарный;{"name": "Базарный"}
513;Бакинский;{"name": "Бакинский"}
514;Балханский;{"name": "Балханский"}
515;Балыкчинский;{"name": "Балыкчинский"}
516;Барнаульский;{"name": "Барнаульский"}
517;Баррикадный;{"name": "Баррикадный"}
518;Барскаунский;{"name": "Барскаунский"}
519;Баткенский;{"name": "Баткенский"}
520;Батыра;{"name": "Батыра"}
521;Беговой;{"name": "Беговой"}
522;Белозерский;{"name": "Белозерский"}
523;Беломорский;{"name": "Беломорский"}
524;Береговой;{"name": "Береговой"}
525;Берликский;{"name": "Берликский"}
526;Беш-Кунгейский;{"name": "Беш-Кунгейский"}
527;Бийский;{"name": "Бийский"}
528;Больничный;{"name": "Больничный"}
529;Боомский;{"name": "Боомский"}
530;Боровской;{"name": "Боровской"}
531;Ботанический;{"name": "Ботанический"}
532;Бреславский;{"name": "Бреславский"}
533;Булакский;{"name": "Булакский"}
534;Бухарский;{"name": "Бухарский"}
535;Верхний;{"name": "Верхний"}
536;Веселый;{"name": "Веселый"}
537;Вилюйский;{"name": "Вилюйский"}
538;Виноградный;{"name": "Виноградный"}
539;Витебский;{"name": "Витебский"}
540;Волжский;{"name": "Волжский"}
541;Вологодский;{"name": "Вологодский"}
542;Волочаевский;{"name": "Волочаевский"}
543;Гатчинский;{"name": "Гатчинский"}
544;Гвардейский;{"name": "Гвардейский"}
545;Геологический;{"name": "Геологический"}
546;Гончарная 2-я;{"name": "Гончарная 2-я"}
547;Гончарный;{"name": "Гончарный"}
548;Горный;{"name": "Горный"}
549;Грозненский;{"name": "Грозненский"}
550;Гульчинский;{"name": "Гульчинский"}
551;Дарханский;{"name": "Дарханский"}
552;Дачный;{"name": "Дачный"}
553;Джамбульский;{"name": "Джамбульский"}
554;Джергалан;{"name": "Джергалан"}
555;Джеты-Огузский;{"name": "Джеты-Огузский"}
556;Джольский;{"name": "Джольский"}
557;Джумгальский;{"name": "Джумгальский"}
558;Долонский;{"name": "Долонский"}
559;Донской;{"name": "Донской"}
560;Дрогобычский;{"name": "Дрогобычский"}
561;Дубосековский;{"name": "Дубосековский"}
562;Дунайский;{"name": "Дунайский"}
563;Елецкий;{"name": "Елецкий"}
564;Енисейский;{"name": "Енисейский"}
565;Ереванский;{"name": "Ереванский"}
566;Жуковского;{"name": "Жуковского"}
567;Западный;{"name": "Западный"}
568;Зеравшанский;{"name": "Зеравшанский"}
569;Ижевский;{"name": "Ижевский"}
570;Измайловский;{"name": "Измайловский"}
571;Изюмский;{"name": "Изюмский"}
572;Илийский;{"name": "Илийский"}
573;Интернациональный;{"name": "Интернациональный"}
574;Иркутский;{"name": "Иркутский"}
575;Иртышский;{"name": "Иртышский"}
576;Каарманский;{"name": "Каарманский"}
577;Каганский;{"name": "Каганский"}
578;Каджи-Сайский;{"name": "Каджи-Сайский"}
579;Казанский;{"name": "Казанский"}
580;Калымский;{"name": "Калымский"}
581;Каменный;{"name": "Каменный"}
582;Кантовский;{"name": "Кантовский"}
583;Карагайский;{"name": "Карагайский"}
584;Карагачевый;{"name": "Карагачевый"}
585;Кара-Жыгач;{"name": "Кара-Жыгач"}
586;Каракольский;{"name": "Каракольский"}
587;Карский;{"name": "Карский"}
588;Каунасский;{"name": "Каунасский"}
589;Кеменский;{"name": "Кеменский"}
590;Кемеровский;{"name": "Кемеровский"}
591;Кен-Кол;{"name": "Кен-Кол"}
592;Кирова;{"name": "Кирова"}
593;Кирпичный;{"name": "Кирпичный"}
594;Кленовый;{"name": "Кленовый"}
595;Клинский;{"name": "Клинский"}
596;Клубничный;{"name": "Клубничный"}
597;Кожомкула;{"name": "Кожомкула"}
598;Койташский;{"name": "Койташский"}
599;Кокчетавский;{"name": "Кокчетавский"}
600;Коллекторный;{"name": "Коллекторный"}
601;Комсомольский;{"name": "Комсомольский"}
602;Корульский;{"name": "Корульский"}
603;Красноводский;{"name": "Красноводский"}
604;Краснофлотский;{"name": "Краснофлотский"}
605;Красный строитель;{"name": "Красный строитель"}
606;Криворожский;{"name": "Криворожский"}
607;Кубанский;{"name": "Кубанский"}
608;Кузнечный;{"name": "Кузнечный"}
609;Кукурузный;{"name": "Кукурузный"}
610;Кумбельский;{"name": "Кумбельский"}
611;Курский;{"name": "Курский"}
612;Кустайнайский;{"name": "Кустайнайский"}
613;Кызыл-Орданский;{"name": "Кызыл-Орданский"}
614;Лагерный;{"name": "Лагерный"}
615;Лазо;{"name": "Лазо"}
616;Ленинпольский;{"name": "Ленинпольский"}
617;Лесхозный;{"name": "Лесхозный"}
618;Либкнехта;{"name": "Либкнехта"}
619;Логвиненко;{"name": "Логвиненко"}
620;Луговой;{"name": "Луговой"}
621;Луцкий;{"name": "Луцкий"}
622;Ляйлякский;{"name": "Ляйлякский"}
623;Майкопский;{"name": "Майкопский"}
624;Майли-Сайский;{"name": "Майли-Сайский"}
625;Маймакский;{"name": "Маймакский"}
626;Макеевский;{"name": "Макеевский"}
627;Малиновый;{"name": "Малиновый"}
628;Мариупольский;{"name": "Мариупольский"}
629;Менделеева;{"name": "Менделеева"}
630;Механический;{"name": "Механический"}
631;Минбулакский;{"name": "Минбулакский"}
632;Мирный;{"name": "Мирный"}
633;Мичурина;{"name": "Мичурина"}
634;Мозырский;{"name": "Мозырский"}
635;Молдавский;{"name": "Молдавский"}
636;Монгольский;{"name": "Монгольский"}
637;Мраморный;{"name": "Мраморный"}
638;Мургабский;{"name": "Мургабский"}
639;Набережный;{"name": "Набережный"}
640;Наманганский;{"name": "Наманганский"}
641;Наримановский;{"name": "Наримановский"}
642;Нарынский;{"name": "Нарынский"}
643;Наукатский;{"name": "Наукатский"}
644;Нахимова;{"name": "Нахимова"}
645;Нежинский;{"name": "Нежинский"}
646;Новооктябрьский;{"name": "Новооктябрьский"}
647;Новосибирский;{"name": "Новосибирский"}
648;Новостроевский;{"name": "Новостроевский"}
649;Овощной;{"name": "Овощной"}
650;Огородный;{"name": "Огородный"}
651;Одесский;{"name": "Одесский"}
652;Озерный;{"name": "Озерный"}
653;Омский;{"name": "Омский"}
654;Оренбургский;{"name": "Оренбургский"}
655;Ортотокойский;{"name": "Ортотокойский"}
656;Осипенко;{"name": "Осипенко"}
657;Островского;{"name": "Островского"}
658;Оттукский;{"name": "Оттукский"}
659;Офицерский;{"name": "Офицерский"}
660;Охотный;{"name": "Охотный"}
661;Охотский;{"name": "Охотский"}
662;Ошский;{"name": "Ошский"}
663;Памирский;{"name": "Памирский"}
664;Партизанский;{"name": "Партизанский"}
665;Пензенский;{"name": "Пензенский"}
666;Первомайский;{"name": "Первомайский"}
667;Печерский;{"name": "Печерский"}
668;Пишпекский;{"name": "Пишпекский"}
669;Пожарского;{"name": "Пожарского"}
670;Покровский;{"name": "Покровский"}
671;Полтавский;{"name": "Полтавский"}
672;Предгорный;{"name": "Предгорный"}
673;Проезжий;{"name": "Проезжий"}
674;Рабочий;{"name": "Рабочий"}
675;Речной;{"name": "Речной"}
676;Родниковый;{"name": "Родниковый"}
677;Рыбинский;{"name": "Рыбинский"}
678;Рылеева;{"name": "Рылеева"}
679;Садовый;{"name": "Садовый"}
680;Самаркандский;{"name": "Самаркандский"}
681;Самарский;{"name": "Самарский"}
682;Саранский;{"name": "Саранский"}
683;Саратовский;{"name": "Саратовский"}
684;Саруйский;{"name": "Саруйский"}
685;Сахалинский;{"name": "Сахалинский"}
686;Северо-Ипподромный;{"name": "Северо-Ипподромный"}
687;Сибирский;{"name": "Сибирский"}
688;Скандинавский;{"name": "Скандинавский"}
689;Смоленский;{"name": "Смоленский"}
690;Снегиревский;{"name": "Снегиревский"}
691;Сонкульский;{"name": "Сонкульский"}
692;Сосновый;{"name": "Сосновый"}
693;Средний;{"name": "Средний"}
694;Сузакский;{"name": "Сузакский"}
695;Сумской;{"name": "Сумской"}
696;Суусамырский;{"name": "Суусамырский"}
697;Таганрогский;{"name": "Таганрогский"}
698;Таджикский;{"name": "Таджикский"}
699;Таласский;{"name": "Таласский"}
700;Талдысуйский;{"name": "Талдысуйский"}
701;Таллинский;{"name": "Таллинский"}
702;Тамбовский;{"name": "Тамбовский"}
703;Темирова;{"name": "Темирова"}
704;Тернопольский;{"name": "Тернопольский"}
705;Терский;{"name": "Терский"}
706;Тимирязева;{"name": "Тимирязева"}
707;Тихвинский;{"name": "Тихвинский"}
708;Тобольский;{"name": "Тобольский"}
709;Токольдош;{"name": "Токольдош"}
710;Тонский;{"name": "Тонский"}
711;Тунгусский;{"name": "Тунгусский"}
712;тупик Островского;{"name": "тупик Островского"}
713;Тюпский;{"name": "Тюпский"}
714;Ужгородский;{"name": "Ужгородский"}
715;Узгенский;{"name": "Узгенский"}
716;Украинский;{"name": "Украинский"}
717;Улахольский;{"name": "Улахольский"}
718;Урожайный;{"name": "Урожайный"}
719;Урючный;{"name": "Урючный"}
720;Уссурийский;{"name": "Уссурийский"}
721;Уфимский;{"name": "Уфимский"}
722;Фабричный;{"name": "Фабричный"}
723;Феодосийский;{"name": "Феодосийский"}
724;Ферганский;{"name": "Ферганский"}
725;Фестивальный;{"name": "Фестивальный"}
726;Флотский;{"name": "Флотский"}
727;Фонтанный;{"name": "Фонтанный"}
728;Хабаровский;{"name": "Хабаровский"}
729;Хайдарканский;{"name": "Хайдарканский"}
730;Чаткальский;{"name": "Чаткальский"}
731;Чатыркульский;{"name": "Чатыркульский"}
732;Черемховский;{"name": "Черемховский"}
733;Черкасский;{"name": "Черкасский"}
734;Черноморский;{"name": "Черноморский"}
735;Чугуевский;{"name": "Чугуевский"}
736;Шевченко;{"name": "Шевченко"}
737;Школьный;{"name": "Школьный"}
738;Шушенский;{"name": "Шушенский"}
739;Щорса;{"name": "Щорса"}
740;Элебесова;{"name": "Элебесова"}
741;Эстонский;{"name": "Эстонский"}
742;Юнусалиева;{"name": "Юнусалиева"}
743;Яблочный;{"name": "Яблочный"}
744;Ямбургский;{"name": "Ямбургский"}
745;Январский;{"name": "Январский"}
746;Ярославский;{"name": "Ярославский"}
747;Печерский;{"name": "Печерский"}
748;Пионерская;{"name": "Пионерская"}
749;Пишпекская;{"name": "Пишпекская"}
750;Победы;{"name": "Победы"}
751;Подольская;{"name": "Подольская"}
752;Пожарского;{"name": "Пожарского"}
753;Покровский;{"name": "Покровский"}
754;Политехническая;{"name": "Политехническая"}
755;Полтавский;{"name": "Полтавский"}
756;Попова;{"name": "Попова"}
757;Предгорный;{"name": "Предгорный"}
758;Пржевальского;{"name": "Пржевальского"}
759;Проезжий;{"name": "Проезжий"}
760;Пролетарская;{"name": "Пролетарская"}
761;Ахунбаева;{"name": "Ахунбаева"}
762;Жибек-Жолу;{"name": "Жибек-Жолу"}
763;Зимы;{"name": "Зимы"}
764;М. Ганди;{"name": "М. Ганди"}
765;Махатма Ганди;{"name": "Махатма Ганди"}
766;Мира;{"name": "Мира"}
767;Перекопская;{"name": "Перекопская"}
768;Чуй;{"name": "Чуй"}
769;Юнусалиева;{"name": "Юнусалиева"}
770;Профсоюзная;{"name": "Профсоюзная"}
771;Псковская;{"name": "Псковская"}
772;Путепроводная;{"name": "Путепроводная"}
773;Пушкина;{"name": "Пушкина"}
774;Рабочая;{"name": "Рабочая"}
775;Радищева;{"name": "Радищева"}
776;Раззакова;{"name": "Раззакова"}
777;Разина;{"name": "Разина"}
778;Ракетная;{"name": "Ракетная"}
779;Репина;{"name": "Репина"}
780;Республиканская;{"name": "Республиканская"}
781;Речной;{"name": "Речной"}
782;Рижская;{"name": "Рижская"}
783;Родниковый;{"name": "Родниковый"}
784;Ростовская;{"name": "Ростовская"}
785;Рыбинский;{"name": "Рыбинский"}
786;Рылеева;{"name": "Рылеева"}
787;Рыскулова;{"name": "Рыскулова"}
788;Рысмендиева;{"name": "Рысмендиева"}
789;Рязанская;{"name": "Рязанская"}
790;С. Акылбекова;{"name": "С. Акылбекова"}
791;Садаева;{"name": "Садаева"}
792;Садовая;{"name": "Садовая"}
793;Садовый;{"name": "Садовый"}
794;Садыгалиева;{"name": "Садыгалиева"}
795;Садырбаева;{"name": "Садырбаева"}
796;Салиева;{"name": "Салиева"}
797;Саликамская;{"name": "Саликамская"}
798;Салтыкова Щедрина;{"name": "Салтыкова Щедрина"}
799;Самаркандский;{"name": "Самаркандский"}
800;Самарский;{"name": "Самарский"}
801;Саранский;{"name": "Саранский"}
802;Саратовская;{"name": "Саратовская"}
803;Саратовский;{"name": "Саратовский"}
804;Саруйский;{"name": "Саруйский"}
805;Сарыкулакова;{"name": "Сарыкулакова"}
806;Сары-Челекская;{"name": "Сары-Челекская"}
807;Сахалинский;{"name": "Сахалинский"}
808;Свердлова;{"name": "Свердлова"}
809;Севастопольская;{"name": "Севастопольская"}
810;Северная;{"name": "Северная"}
811;Северо-Ипподромная;{"name": "Северо-Ипподромная"}
812;Северо-Ипподромный;{"name": "Северо-Ипподромный"}
813;Сельповская;{"name": "Сельповская"}
814;Сельсоветская;{"name": "Сельсоветская"}
815;Семетей;{"name": "Семетей"}
816;Серафимович;{"name": "Серафимович"}
817;Серова;{"name": "Серова"}
818;Серпуховская;{"name": "Серпуховская"}
819;Сеченова;{"name": "Сеченова"}
820;Сибирский;{"name": "Сибирский"}
821;Сибирский проезд;{"name": "Сибирский проезд"}
822;Симферопольский;{"name": "Симферопольский"}
823;Скандинавский;{"name": "Скандинавский"}
824;Скрябина;{"name": "Скрябина"}
825;Славгородская;{"name": "Славгородская"}
826;Славянская;{"name": "Славянская"}
827;Смоленский;{"name": "Смоленский"}
828;Снегиревский;{"name": "Снегиревский"}
829;Советская;{"name": "Советская"}
830;Совхоз Ала-тоо;{"name": "Совхоз Ала-тоо"}
831;Сокулукская;{"name": "Сокулукская"}
832;Сонкульский;{"name": "Сонкульский"}
833;Сосновый;{"name": "Сосновый"}
834;Средний;{"name": "Средний"}
835;Средняя;{"name": "Средняя"}
836;Суванбердиева;{"name": "Суванбердиева"}
837;Суворова;{"name": "Суворова"}
838;Суеркулова;{"name": "Суеркулова"}
839;Сузакский;{"name": "Сузакский"}
840;Сумской;{"name": "Сумской"}
841;Суусамырский;{"name": "Суусамырский"}
842;Сухомлинова;{"name": "Сухомлинова"}
843;Суюнбаева;{"name": "Суюнбаева"}
844;Сыдыкова;{"name": "Сыдыкова"}
845;Т. Молдо;{"name": "Т. Молдо"}
846;Т.Фрунзе;{"name": "Т.Фрунзе"}
847;Таалай;{"name": "Таалай"}
848;Табалдиева;{"name": "Табалдиева"}
849;Табачная;{"name": "Табачная"}
850;Табышалиева;{"name": "Табышалиева"}
851;Таганрогский;{"name": "Таганрогский"}
852;Таджикский;{"name": "Таджикский"}
853;Таймырский;{"name": "Таймырский"}
854;Тайшетская;{"name": "Тайшетская"}
855;Таласский;{"name": "Таласский"}
856;Талдысуйская;{"name": "Талдысуйская"}
857;Талдысуйский;{"name": "Талдысуйский"}
858;Таллинский;{"name": "Таллинский"}
859;Тамбовский;{"name": "Тамбовский"}
860;Ташаузская;{"name": "Ташаузская"}
861;Ташкентская;{"name": "Ташкентская"}
862;Ташкумырская;{"name": "Ташкумырская"}
863;Тверская;{"name": "Тверская"}
864;Тельмана;{"name": "Тельмана"}
865;Темирова;{"name": "Темирова"}
866;Темировская;{"name": "Темировская"}
867;Термечикова;{"name": "Термечикова"}
868;Тернопольский;{"name": "Тернопольский"}
869;Терский;{"name": "Терский"}
870;Тимирязева;{"name": "Тимирязева"}
871;Тираспольская;{"name": "Тираспольская"}
872;Тихвинский;{"name": "Тихвинский"}
873;Тобольский;{"name": "Тобольский"}
874;Товарная вторая;{"name": "Товарная вторая"}
875;Тоголок Молдо;{"name": "Тоголок Молдо"}
876;Тойгомбаева;{"name": "Тойгомбаева"}
877;Тойгонбаева;{"name": "Тойгонбаева"}
878;Токмокская;{"name": "Токмокская"}
879;Токольдош;{"name": "Токольдош"}
880;Токомбаева;{"name": "Токомбаева"}
881;Токтогула;{"name": "Токтогула"}
882;Токтоналиева;{"name": "Токтоналиева"}
883;Тонский;{"name": "Тонский"}
884;Торфяная;{"name": "Торфяная"}
885;Троицкая;{"name": "Троицкая"}
886;Трудовая;{"name": "Трудовая"}
887;Туголбой Ата;{"name": "Туголбой Ата"}
888;Тулебердиева;{"name": "Тулебердиева"}
889;Тунгусский;{"name": "Тунгусский"}
890;тупик Островского;{"name": "тупик Островского"}
891;Тургенева;{"name": "Тургенева"}
892;Турусбекова;{"name": "Турусбекова"}
893;Тыныбекова;{"name": "Тыныбекова"}
894;Тыныстанова;{"name": "Тыныстанова"}
895;Тюменская;{"name": "Тюменская"}
896;Тюпский;{"name": "Тюпский"}
897;Удмуртская;{"name": "Удмуртская"}
898;Ужгородский;{"name": "Ужгородский"}
899;Узгенский;{"name": "Узгенский"}
900;Украинский;{"name": "Украинский"}
901;Улан;{"name": "Улан"}
902;Улахольский;{"name": "Улахольский"}
903;16 линия;{"name": "16 линия"}
904;18 линия;{"name": "18 линия"}
905;50 лет победы;{"name": "50 лет победы"}
906;9 го января;{"name": "9 го января"}
907;9 –го января;{"name": "9 –го января"}
908;9го января;{"name": "9го января"}
909;Абаканская;{"name": "Абаканская"}
910;Абая;{"name": "Абая"}
911;Абдраева;{"name": "Абдраева"}
912;Абдраимова;{"name": "Абдраимова"}
913;Абдрахманова;{"name": "Абдрахманова"}
914;Абдумомунова;{"name": "Абдумомунова"}
915;Абдыкадырова;{"name": "Абдыкадырова"}
916;Абдымомунова;{"name": "Абдымомунова"}
917;Адырская;{"name": "Адырская"}
918;Адышева;{"name": "Адышева"}
919;Ажыбек Баатыра;{"name": "Ажыбек Баатыра"}
920;Азаттык;{"name": "Азаттык"}
921;Азовская;{"name": "Азовская"}
922;Ай - Кол;{"name": "Ай - Кол"}
923;Айдаралиева;{"name": "Айдаралиева"}
924;Айни;{"name": "Айни"}
925;Айтматова;{"name": "Айтматова"}
926;Ак - Жолтой;{"name": "Ак - Жолтой"}
927;Акмуз;{"name": "Акмуз"}
928;Ак-Сайская;{"name": "Ак-Сайская"}
929;Ала - Букинская;{"name": "Ала - Букинская"}
930;Ала - Тоо;{"name": "Ала - Тоо"}
931;Ала-Арчинская;{"name": "Ала-Арчинская"}
932;Аларчинская;{"name": "Аларчинская"}
933;Алма- Атинская;{"name": "Алма- Атинская"}
934;Алтымышева;{"name": "Алтымышева"}
935;Алтымышова;{"name": "Алтымышова"}
936;Алтын - Бешик;{"name": "Алтын - Бешик"}
937;Алыкулова;{"name": "Алыкулова"}
938;Альпинская;{"name": "Альпинская"}
939;Аммосова;{"name": "Аммосова"}
940;Амосова;{"name": "Амосова"}
941;Ананьева;{"name": "Ананьева"}
942;Андижанская;{"name": "Андижанская"}
943;Араванская;{"name": "Араванская"}
944;Арзамасская;{"name": "Арзамасская"}
945;Армавирская;{"name": "Армавирская"}
946;Армавирская;{"name": "Армавирская"}
947;Армейская;{"name": "Армейская"}
948;Артемовская;{"name": "Артемовская"}
949;Архангельская;{"name": "Архангельская"}
950;Асаналиева;{"name": "Асаналиева"}
951;Астраханская;{"name": "Астраханская"}
952;Ауэзова;{"name": "Ауэзова"}
953;Ахунбаева;{"name": "Ахунбаева"}
954;Ашхабадская;{"name": "Ашхабадская"}
955;Б. Баатыра;{"name": "Б. Баатыра"}
956;Багратиона;{"name": "Багратиона"}
957;Баетова;{"name": "Баетова"}
958;Базар-Курганская;{"name": "Базар-Курганская"}
959;Байтик Баатыра;{"name": "Байтик Баатыра"}
960;Бакаева;{"name": "Бакаева"}
961;Бакинская;{"name": "Бакинская"}
962;Бакинский;{"name": "Бакинский"}
963;Балтагулова;{"name": "Балтагулова"}
964;Балтийская;{"name": "Балтийская"}
965;Балык-Кумара;{"name": "Балык-Кумара"}
966;Баха;{"name": "Баха"}
967;Баялинова Касымалы;{"name": "Баялинова Касымалы"}
968;Бейшеналиева;{"name": "Бейшеналиева"}
969;Бектенова;{"name": "Бектенова"}
970;Белгородская;{"name": "Белгородская"}
971;Белорусская;{"name": "Белорусская"}
972;Бельская;{"name": "Бельская"}
973;Береговая;{"name": "Береговая"}
974;Березовая;{"name": "Березовая"}
975;Библиотечная;{"name": "Библиотечная"}
976;Боконбаева;{"name": "Боконбаева"}
977;Болотная;{"name": "Болотная"}
978;Бородина;{"name": "Бородина"}
979;Боталиева;{"name": "Боталиева"}
980;Братская;{"name": "Братская"}
981;Брестская;{"name": "Брестская"}
982;Бронированная;{"name": "Бронированная"}
983;Брянская;{"name": "Брянская"}
984;Буденного;{"name": "Буденного"}
985;Бурулдайская;{"name": "Бурулдайская"}
986;Буурдинская;{"name": "Буурдинская"}
987;Бухарская;{"name": "Бухарская"}
988;Валдайская;{"name": "Валдайская"}
989;Варшавская;{"name": "Варшавская"}
990;Васильева;{"name": "Васильева"}
991;Весёлая;{"name": "Весёлая"}
992;Виноградная;{"name": "Виноградная"}
993;Витебская;{"name": "Витебская"}
994;Владимировская;{"name": "Владимировская"}
995;Власова;{"name": "Власова"}
996;Водопроводная;{"name": "Водопроводная"}
997;Волгоградская;{"name": "Волгоградская"}
998;Волкова;{"name": "Волкова"}
999;Волоколамская;{"name": "Волоколамская"}
1000;Волховская;{"name": "Волховская"}
1001;Воркутинская;{"name": "Воркутинская"}
1002;Воровского;{"name": "Воровского"}
1003;Воронежская;{"name": "Воронежская"}
1004;Восточная;{"name": "Восточная"}
1005;Вятская;{"name": "Вятская"}
1006;Гагарина;{"name": "Гагарина"}
1007;Гаражная;{"name": "Гаражная"}
1008;Гастелло;{"name": "Гастелло"}
1009;Герцена;{"name": "Герцена"}
1010;Гоголя;{"name": "Гоголя"}
1011;Гончарная;{"name": "Гончарная"}
1012;Гончарова;{"name": "Гончарова"}
1013;Гражданская;{"name": "Гражданская"}
1014;Грибоедова;{"name": "Грибоедова"}
1015;Д.Асанова;{"name": "Д.Асанова"}
1016;Дагестанская;{"name": "Дагестанская"}
1017;Дачная;{"name": "Дачная"}
1018;Ден-Сяопина;{"name": "Ден-Сяопина"}
1019;Деповская;{"name": "Деповская"}
1020;Джалал-Абадская;{"name": "Джалал-Абадская"}
1021;Джалал-Абадская;{"name": "Джалал-Абадская"}
1022;Джаманбаева;{"name": "Джаманбаева"}
1023;Джамбула;{"name": "Джамбула"}
1024;Джамбула;{"name": "Джамбула"}
1025;Джамгерчинова;{"name": "Джамгерчинова"}
1026;Джантошова;{"name": "Джантошова"}
1027;Джийде;{"name": "Джийде"}
1028;Джунусалиева;{"name": "Джунусалиева"}
1029;Дмитрова;{"name": "Дмитрова"}
1030;Долон;{"name": "Долон"}
1031;Достоевского;{"name": "Достоевского"}
1032;Древесная;{"name": "Древесная"}
1033;Дубосековская;{"name": "Дубосековская"}
1034;Дэн-Сяопина;{"name": "Дэн-Сяопина"}
1035;Малдыбаева;{"name": "Малдыбаева"}
1036;Жаз;{"name": "Жаз"}
1037;Жениш;{"name": "Жениш"}
1038;Жукеева-Пудовкина;{"name": "Жукеева-Пудовкина"}
1039;Жумабек;{"name": "Жумабек"}
1040;Жумабека;{"name": "Жумабека"}
1041;Журнальная;{"name": "Журнальная"}
1042;Загородная;{"name": "Загородная"}
1043;Загорская;{"name": "Загорская"}
1044;Западная;{"name": "Западная"}
1045;Заречная;{"name": "Заречная"}
1046;Захарева;{"name": "Захарева"}
1047;Зеленая;{"name": "Зеленая"}
1048;И. Самойленко;{"name": "И. Самойленко"}
1049;Ибраимова;{"name": "Ибраимова"}
1050;Иваницина;{"name": "Иваницина"}
1051;Ильменская;{"name": "Ильменская"}
1052;Иманалиева;{"name": "Иманалиева"}
1053;Интергельпо;{"name": "Интергельпо"}
1054;Исанова;{"name": "Исанова"}
1055;Иссык-Кульская;{"name": "Иссык-Кульская"}
1056;Ичкет-Суу;{"name": "Ичкет-Суу"}
1057;К. Акиева;{"name": "К. Акиева"}
1058;К. Баялинова;{"name": "К. Баялинова"}
1059;Казакова;{"name": "Казакова"}
1060;Кайназарова;{"name": "Кайназарова"}
1061;Калинина;{"name": "Калинина"}
1062;Калужская;{"name": "Калужская"}
1063;Калыка Акиева;{"name": "Калыка Акиева"}
1064;Камская;{"name": "Камская"}
1065;Камчатская;{"name": "Камчатская"}
1066;Кантемировская;{"name": "Кантемировская"}
1067;Карабалтинская;{"name": "Карабалтинская"}
1068;Караванский;{"name": "Караванский"}
1069;Карагачевая;{"name": "Карагачевая"}
1070;Карадарьинская;{"name": "Карадарьинская"}
1071;Каракульская;{"name": "Каракульская"}
1072;Каракумская;{"name": "Каракумская"}
1073;Карасаева;{"name": "Карасаева"}
1074;Карасуйская;{"name": "Карасуйская"}
1075;Карпатская;{"name": "Карпатская"}
1076;Каспийская;{"name": "Каспийская"}
1077;Касымалы Баялинова;{"name": "Касымалы Баялинова"}
1078;Каховская;{"name": "Каховская"}
1079;Кельдибека Карбоз уулу;{"name": "Кельдибека Карбоз уулу"}
1080;Кеменская;{"name": "Кеменская"}
1081;Кенсуйская;{"name": "Кенсуйская"}
1082;Киевская;{"name": "Киевская"}
1083;Кирпичная;{"name": "Кирпичная"}
1084;Кишиневская;{"name": "Кишиневская"}
1085;Коенкозова;{"name": "Коенкозова"}
1086;Кожобергенова;{"name": "Кожобергенова"}
1087;Козу - Баглан;{"name": "Козу - Баглан"}
1088;Койбагарова;{"name": "Койбагарова"}
1089;Кокчетавская;{"name": "Кокчетавская"}
1090;Коллекторная;{"name": "Коллекторная"}
1091;Кольбаева;{"name": "Кольбаева"}
1092;Кольцевая;{"name": "Кольцевая"}
1093;Коммунарова;{"name": "Коммунарова"}
1094;Комсомольская;{"name": "Комсомольская"}
1095;Коперника;{"name": "Коперника"}
1096;Корейская;{"name": "Корейская"}
1097;Короткая;{"name": "Короткая"}
1098;Космическая;{"name": "Космическая"}
1099;Котовского;{"name": "Котовского"}
1100;Кочкорская;{"name": "Кочкорская"}
1101;Красная;{"name": "Красная"}
1102;Краснодарская;{"name": "Краснодарская"}
1103;Краснодонцев;{"name": "Краснодонцев"}
1104;Кривоносова;{"name": "Кривоносова"}
1105;Криворожская;{"name": "Криворожская"}
1106;Кронштадская;{"name": "Кронштадская"}
1107;Кропоткина;{"name": "Кропоткина"}
1108;Крылова;{"name": "Крылова"}
1109;Кубинская;{"name": "Кубинская"}
1110;Кудайбергенова;{"name": "Кудайбергенова"}
1111;Кудрука;{"name": "Кудрука"}
1112;Кузбасская;{"name": "Кузбасская"}
1113;Кузнечная крепость;{"name": "Кузнечная крепость"}
1114;Кузнечный проезд;{"name": "Кузнечный проезд"}
1115;Куйбышева;{"name": "Куйбышева"}
1116;Кулатова;{"name": "Кулатова"}
1117;Кулиева;{"name": "Кулиева"}
1118;Куликовская;{"name": "Куликовская"}
1119;Кумарыкская;{"name": "Кумарыкская"}
1120;Курганская;{"name": "Курганская"}
1121;Куренкеева;{"name": "Куренкеева"}
1122;Курманжан - Датка;{"name": "Курманжан - Датка"}
1123;Курманжан Датка;{"name": "Курманжан Датка"}
1124;Курчатова;{"name": "Курчатова"}
1125;Кустанайская;{"name": "Кустанайская"}
1126;Кутузова;{"name": "Кутузова"}
1127;Кызыл-Аскерская;{"name": "Кызыл-Аскерская"}
1128;Кызыл-Кийская;{"name": "Кызыл-Кийская"}
1129;Л. Толстого;{"name": "Л. Толстого"}
1130;Ладожская;{"name": "Ладожская"}
1131;Лазо;{"name": "Лазо"}
1132;Лазурная;{"name": "Лазурная"}
1133;Лебедева-Кумача;{"name": "Лебедева-Кумача"}
1134;Леваневского;{"name": "Леваневского"}
1135;Ленская;{"name": "Ленская"}
1136;Лермонтова;{"name": "Лермонтова"}
1137;Лесная;{"name": "Лесная"}
1138;Лесхозная;{"name": "Лесхозная"}
1139;Линейная;{"name": "Линейная"}
1140;Линия 2;{"name": "Линия 2"}
1141;Линия 7;{"name": "Линия 7"}
1142;Линия 8;{"name": "Линия 8"}
1143;Линия 9;{"name": "Линия 9"}
1144;Литвинова;{"name": "Литвинова"}
1145;Литовская;{"name": "Литовская"}
1146;Логвиненко;{"name": "Логвиненко"}
1147;Ломоносова;{"name": "Ломоносова"}
1148;Луганская;{"name": "Луганская"}
1149;Луговая;{"name": "Луговая"}
1150;Луначарского;{"name": "Луначарского"}
1151;Лущихина;{"name": "Лущихина"}
1152;Люксембург;{"name": "Люксембург"}
1153;М. Алыбаева;{"name": "М. Алыбаева"}
1154;М. Асанбаева;{"name": "М. Асанбаева"}
1155;М. Горького;{"name": "М. Горького"}
1156;М. Джалиля;{"name": "М. Джалиля"}
1157;М. Сагымбая;{"name": "М. Сагымбая"}
1158;М. Темира;{"name": "М. Темира"}
1159;Магаданская;{"name": "Магаданская"}
1160;Магнитогорская;{"name": "Магнитогорская"}
1161;Малдыбаева;{"name": "Малдыбаева"}
1162;Маликова;{"name": "Маликова"}
1163;Малиновая;{"name": "Малиновая"}
1164;Малышева;{"name": "Малышева"}
1165;Манаса;{"name": "Манаса"}
1166;Манасчы Сагынбая;{"name": "Манасчы Сагынбая"}
1167;Марата;{"name": "Марата"}
1168;Матросова;{"name": "Матросова"}
1169;Матыева;{"name": "Матыева"}
1170;Маяковского;{"name": "Маяковского"}
1171;Медерова;{"name": "Медерова"}
1172;Менделеева;{"name": "Менделеева"}
1173;Месароша;{"name": "Месароша"}
1174;Мечникова;{"name": "Мечникова"}
1175;Минина;{"name": "Минина"}
1176;Минская;{"name": "Минская"}
1177;Мичурина;{"name": "Мичурина"}
1178;Можайская;{"name": "Можайская"}
1179;Можайского;{"name": "Можайского"}
1180;Мозолева;{"name": "Мозолева"}
1181;Морозова;{"name": "Морозова"}
1182;Московская;{"name": "Московская"}
1183;Мостовая;{"name": "Мостовая"}
1184;МПС;{"name": "МПС"}
1185;МТС;{"name": "МТС"}
1186;Мурманская;{"name": "Мурманская"}
1187;Муромская;{"name": "Муромская"}
1188;Муса Жалила;{"name": "Муса Жалила"}
1189;Мусоргского;{"name": "Мусоргского"}
1190;Мусулманкулова;{"name": "Мусулманкулова"}
1191;Набережная;{"name": "Набережная"}
1192;Наманганская;{"name": "Наманганская"}
1193;Нарвская;{"name": "Нарвская"}
1194;Насикат;{"name": "Насикат"}
1195;Низовая;{"name": "Низовая"}
1196;Никитина;{"name": "Никитина"}
1197;Новая (частный сектор);{"name": "Новая (частный сектор)"}
1198;Новгородская;{"name": "Новгородская"}
1199;Нурекская;{"name": "Нурекская"}
1200;Огомбаева;{"name": "Огомбаева"}
1201;Окрайная;{"name": "Окрайная"}
1202;Октябрьская;{"name": "Октябрьская"}
1203;Оренбургская;{"name": "Оренбургская"}
1204;Орловская;{"name": "Орловская"}
1205;Ормокоева;{"name": "Ормокоева"}
1206;Орозбекова;{"name": "Орозбекова"}
1207;Орская;{"name": "Орская"}
1208;Осипенко;{"name": "Осипенко"}
1209;Осмонкула;{"name": "Осмонкула"}
1210;Осмонова;{"name": "Осмонова"}
1211;Осташковская;{"name": "Осташковская"}
1212;Островского;{"name": "Островского"}
1213;Очаковская;{"name": "Очаковская"}
1214;Очаковского;{"name": "Очаковского"}
1215;Ошская;{"name": "Ошская"}
1216;П. Лумумбы;{"name": "П. Лумумбы"}
1217;Павлова;{"name": "Павлова"}
1218;Панфилова;{"name": "Панфилова"}
1219;Парковая;{"name": "Парковая"}
1220;Паровозная;{"name": "Паровозная"}
1221;Пархоменко;{"name": "Пархоменко"}
1222;Передовая;{"name": "Передовая"}
1223;Пионерская;{"name": "Пионерская"}
1224;Пишпекская;{"name": "Пишпекская"}
1225;Победы;{"name": "Победы"}
1226;Подольская;{"name": "Подольская"}
1227;Политехническая;{"name": "Политехническая"}
1228;Попова;{"name": "Попова"}
1229;Пржевальского;{"name": "Пржевальского"}
1230;Пролетарская;{"name": "Пролетарская"}
1231;Зимы;{"name": "Зимы"}
1232;профессора Зимы;{"name": "профессора Зимы"}
1233;Профсоюзная;{"name": "Профсоюзная"}
1234;Псковская;{"name": "Псковская"}
1235;Путепроводная;{"name": "Путепроводная"}
1236;Пушкина;{"name": "Пушкина"}
1237;Рабочая;{"name": "Рабочая"}
1238;Радищева;{"name": "Радищева"}
1239;Раззакова;{"name": "Раззакова"}
1240;Разина;{"name": "Разина"}
1241;Ракетная;{"name": "Ракетная"}
1242;Репина;{"name": "Репина"}
1243;Республиканская;{"name": "Республиканская"}
1244;Рижская;{"name": "Рижская"}
1245;Ростовская;{"name": "Ростовская"}
1246;Рыскулова;{"name": "Рыскулова"}
1247;Рысмендиева;{"name": "Рысмендиева"}
1248;Рязанская;{"name": "Рязанская"}
1249;С. Акылбекова;{"name": "С. Акылбекова"}
1250;Садаева;{"name": "Садаева"}
1251;Садовая;{"name": "Садовая"}
1252;Садыгалиева;{"name": "Садыгалиева"}
1253;Садырбаева;{"name": "Садырбаева"}
1254;Салиева;{"name": "Салиева"}
1255;Саликамская;{"name": "Саликамская"}
1256;Салтыкова Щедрина;{"name": "Салтыкова Щедрина"}
1257;Саратовская;{"name": "Саратовская"}
1258;Сарыкулакова;{"name": "Сарыкулакова"}
1259;Сары-Челекская;{"name": "Сары-Челекская"}
1260;Свердлова;{"name": "Свердлова"}
1261;Севастопольская;{"name": "Севастопольская"}
1262;Северная;{"name": "Северная"}
1263;Северо-Ипподромная;{"name": "Северо-Ипподромная"}
1264;Сельповская;{"name": "Сельповская"}
1265;Сельсоветская;{"name": "Сельсоветская"}
1266;Семетей;{"name": "Семетей"}
1267;Серафимович;{"name": "Серафимович"}
1268;Серова;{"name": "Серова"}
1269;Серпуховская;{"name": "Серпуховская"}
1270;Сеченова;{"name": "Сеченова"}
1271;Сибирский проезд;{"name": "Сибирский проезд"}
1272;Симферопольский;{"name": "Симферопольский"}
1273;Скрябина;{"name": "Скрябина"}
1274;Славгородская;{"name": "Славгородская"}
1275;Славянская;{"name": "Славянская"}
1276;Советская;{"name": "Советская"}
1277;Сокулукская;{"name": "Сокулукская"}
1278;Средняя;{"name": "Средняя"}
1279;Суванбердиева;{"name": "Суванбердиева"}
1280;Суворова;{"name": "Суворова"}
1281;Суеркулова;{"name": "Суеркулова"}
1282;Сухомлинова;{"name": "Сухомлинова"}
1283;Суюнбаева;{"name": "Суюнбаева"}
1284;Сыдыкова;{"name": "Сыдыкова"}
1285;Т. Молдо;{"name": "Т. Молдо"}
1286;Т.Фрунзе;{"name": "Т.Фрунзе"}
1287;Таалай;{"name": "Таалай"}
1288;Табалдиева;{"name": "Табалдиева"}
1289;Табачная;{"name": "Табачная"}
1290;Табышалиева;{"name": "Табышалиева"}
1291;Таймырский;{"name": "Таймырский"}
1292;Тайшетская;{"name": "Тайшетская"}
1293;Талдысуйская;{"name": "Талдысуйская"}
1294;Ташаузская;{"name": "Ташаузская"}
1295;Ташкентская;{"name": "Ташкентская"}
1296;Ташкумырская;{"name": "Ташкумырская"}
1297;Тверская;{"name": "Тверская"}
1298;Тельмана;{"name": "Тельмана"}
1299;Темировская;{"name": "Темировская"}
1300;Термечикова;{"name": "Термечикова"}
1301;Тимирязева;{"name": "Тимирязева"}
1302;Тираспольская;{"name": "Тираспольская"}
1303;Товарная вторая;{"name": "Товарная вторая"}
1304;Тоголок Молдо;{"name": "Тоголок Молдо"}
1305;Тойгомбаева;{"name": "Тойгомбаева"}
1306;Тойгонбаева;{"name": "Тойгонбаева"}
1307;Токмокская;{"name": "Токмокская"}
1308;Токольдош;{"name": "Токольдош"}
1309;Токомбаева;{"name": "Токомбаева"}
1310;Токтогула;{"name": "Токтогула"}
1311;Токтоналиева;{"name": "Токтоналиева"}
1312;Торфяная;{"name": "Торфяная"}
1313;Троицкая;{"name": "Троицкая"}
1314;Трудовая;{"name": "Трудовая"}
1315;Туголбой Ата;{"name": "Туголбой Ата"}
1316;Тулебердиева;{"name": "Тулебердиева"}
1317;Тургенева;{"name": "Тургенева"}
1318;Турусбекова;{"name": "Турусбекова"}
1319;Тыныбекова;{"name": "Тыныбекова"}
1320;Тыныстанова;{"name": "Тыныстанова"}
1321;Тюменская;{"name": "Тюменская"}
1322;Удмуртская;{"name": "Удмуртская"}
1323;Улан;{"name": "Улан"}
1324;Уметалиева;{"name": "Уметалиева"}
1325;Уральская;{"name": "Уральская"}
1326;Урицкого;{"name": "Урицкого"}
1327;Усенбаева;{"name": "Усенбаева"}
1328;Уч-Курганская;{"name": "Уч-Курганская"}
1329;Уч-Терекский;{"name": "Уч-Терекский"}
1330;Ушакова;{"name": "Ушакова"}
1331;Фатьянова;{"name": "Фатьянова"}
1332;Федорова;{"name": "Федорова"}
1333;Фере;{"name": "Фере"}
1334;Фиолетова;{"name": "Фиолетова"}
1335;Фирсова;{"name": "Фирсова"}
1336;Фруктовая;{"name": "Фруктовая"}
1337;Фрунзе;{"name": "Фрунзе"}
1338;Фурманова;{"name": "Фурманова"}
1339;Фучика;{"name": "Фучика"}
1340;Хивинская;{"name": "Хивинская"}
1341;Хоперская;{"name": "Хоперская"}
1342;Целинная;{"name": "Целинная"}
1343;Целиноградская;{"name": "Целиноградская"}
1344;Циолковского;{"name": "Циолковского"}
1345;Чайковского;{"name": "Чайковского"}
1346;Чебоксарская;{"name": "Чебоксарская"}
1347;Челюскина;{"name": "Челюскина"}
1348;Челябинский;{"name": "Челябинский"}
1349;Черепки 2е;{"name": "Черепки 2е"}
1350;Чехова;{"name": "Чехова"}
1351;Чимкентская;{"name": "Чимкентская"}
1352;Чинара;{"name": "Чинара"}
1353;Чокморова;{"name": "Чокморова"}
1354;Чолпон-Атинская;{"name": "Чолпон-Атинская"}
1355;Чон-Коргонская;{"name": "Чон-Коргонская"}
1356;Чувашская;{"name": "Чувашская"}
1357;Чуй;{"name": "Чуй"}
1358;Чуйкова;{"name": "Чуйкова"}
1359;Чукотская;{"name": "Чукотская"}
1360;Ш. Руставели;{"name": "Ш. Руставели"}
1361;Шакирова;{"name": "Шакирова"}
1362;Шаумяна;{"name": "Шаумяна"}
1363;Шевченко;{"name": "Шевченко"}
1364;Шмидта;{"name": "Шмидта"}
1365;Шопокова;{"name": "Шопокова"}
1366;Шорина;{"name": "Шорина"}
1367;Шуберта;{"name": "Шуберта"}
1368;Шуш-Тюбе;{"name": "Шуш-Тюбе"}
1369;Щербакова;{"name": "Щербакова"}
1370;Щусева;{"name": "Щусева"}
1371;Ы. Абдрахманова;{"name": "Ы. Абдрахманова"}
1372;Элебаева;{"name": "Элебаева"}
1373;Энтузиастов;{"name": "Энтузиастов"}
1374;Эркиндик;{"name": "Эркиндик"}
1375;Эркин-Тоо;{"name": "Эркин-Тоо"}
1376;Ю. Фучика;{"name": "Ю. Фучика"}
1377;Юдахина;{"name": "Юдахина"}
1378;Юнусалиева;{"name": "Юнусалиева"}
1379;Якутская;{"name": "Якутская"}
1380;Ялтинская;{"name": "Ялтинская"}
1381;Январская;{"name": "Январская"}
1382;Уметалиева;{"name": "Уметалиева"}
1383;Уральская;{"name": "Уральская"}
1384;Урицкого;{"name": "Урицкого"}
1385;Урожайный;{"name": "Урожайный"}
1386;Урючный;{"name": "Урючный"}
1387;Усенбаева;{"name": "Усенбаева"}
1388;Уссурийский;{"name": "Уссурийский"}
1389;Уфимский;{"name": "Уфимский"}
1390;Уч-Курганская;{"name": "Уч-Курганская"}
1391;Уч-Терекский;{"name": "Уч-Терекский"}
1392;Ушакова;{"name": "Ушакова"}
1393;Фабричный;{"name": "Фабричный"}
1394;Фатьянова;{"name": "Фатьянова"}
1395;Федорова;{"name": "Федорова"}
1396;Феодосийский;{"name": "Феодосийский"}
1397;Ферганский;{"name": "Ферганский"}
1398;Фере;{"name": "Фере"}
1399;Фестивальный;{"name": "Фестивальный"}
1400;Фиолетова;{"name": "Фиолетова"}
1401;Фирсова;{"name": "Фирсова"}
1402;Флотский;{"name": "Флотский"}
1403;Фонтанный;{"name": "Фонтанный"}
1404;Фруктовая;{"name": "Фруктовая"}
1405;Фрунзе;{"name": "Фрунзе"}
1406;Фурманова;{"name": "Фурманова"}
1407;Фучика;{"name": "Фучика"}
1408;Хабаровский;{"name": "Хабаровский"}
1409;Хайдарканский;{"name": "Хайдарканский"}
1410;Хивинская;{"name": "Хивинская"}
1411;Хоперская;{"name": "Хоперская"}
1412;Целинная;{"name": "Целинная"}
1413;Целиноградская;{"name": "Целиноградская"}
1414;Циолковского;{"name": "Циолковского"}
1415;Чайковского;{"name": "Чайковского"}
1416;Чаткальский;{"name": "Чаткальский"}
1417;Чатыркульский;{"name": "Чатыркульский"}
1418;Чебоксарская;{"name": "Чебоксарская"}
1419;Челюскина;{"name": "Челюскина"}
1420;Челябинский;{"name": "Челябинский"}
1421;Черемховский;{"name": "Черемховский"}
1422;Черепки 2е;{"name": "Черепки 2е"}
1423;Черкасский;{"name": "Черкасский"}
1424;Черноморский;{"name": "Черноморский"}
1425;Чехова;{"name": "Чехова"}
1426;Чимкентская;{"name": "Чимкентская"}
1427;Чинара;{"name": "Чинара"}
1428;Чокморова;{"name": "Чокморова"}
1429;Чолпон-Атинская;{"name": "Чолпон-Атинская"}
1430;Чон-Коргонская;{"name": "Чон-Коргонская"}
1431;Чувашская;{"name": "Чувашская"}
1432;Чугуевский;{"name": "Чугуевский"}
1433;Чуй;{"name": "Чуй"}
1434;Чуйкова;{"name": "Чуйкова"}
1435;Чукотская;{"name": "Чукотская"}
1436;Ш. Руставели;{"name": "Ш. Руставели"}
1437;Шакирова;{"name": "Шакирова"}
1438;Шаумяна;{"name": "Шаумяна"}
1439;Шевченко;{"name": "Шевченко"}
1440;Школьный;{"name": "Школьный"}
1441;Шмидта;{"name": "Шмидта"}
1442;Шопокова;{"name": "Шопокова"}
1443;Шорина;{"name": "Шорина"}
1444;Шуберта;{"name": "Шуберта"}
1445;Шушенский;{"name": "Шушенский"}
1446;Шуш-Тюбе;{"name": "Шуш-Тюбе"}
1447;Щербакова;{"name": "Щербакова"}
1448;Щорса;{"name": "Щорса"}
1449;Щусева;{"name": "Щусева"}
1450;Ы. Абдрахманова;{"name": "Ы. Абдрахманова"}
1451;Элебаева;{"name": "Элебаева"}
1452;Элебесова;{"name": "Элебесова"}
1453;Энтузиастов;{"name": "Энтузиастов"}
1454;Эркиндик;{"name": "Эркиндик"}
1455;Эркин-Тоо;{"name": "Эркин-Тоо"}
1456;Эстонский;{"name": "Эстонский"}
1457;Ю. Фучика;{"name": "Ю. Фучика"}
1458;Юдахина;{"name": "Юдахина"}
1459;Юнусалиева;{"name": "Юнусалиева"}
1460;Якутская;{"name": "Якутская"}
1461;Ялтинская;{"name": "Ялтинская"}
1462;Ямбургский;{"name": "Ямбургский"}
1463;Январская;{"name": "Январская"}
1464;Ярославский;{"name": "Ярославский"}
1465;Тандырная;{"name": "Тандырная"}